{
  "experiment": "eg_e2d_helix_resolution_5chunk",
  "op": "sub",
  "target_layer": 31,
  "d12_3333": {
    "label": "d=12_3333",
    "pattern": [
      3,
      3,
      3,
      3
    ],
    "n": 875,
    "n_chunks": 4,
    "periods": {
      "1": 1000,
      "2": 1000,
      "3": 1000,
      "4": 1000
    },
    "per_chunk_R2": {
      "1": 0.9581859273958949,
      "2": 0.9266083248029091,
      "3": 0.9258652008251019,
      "4": 0.9172589332434239
    },
    "subspace_angles": {
      "c1_vs_c2": 71.32213592529297,
      "c1_vs_c3": 72.42930603027344,
      "c1_vs_c4": 74.91026306152344,
      "c2_vs_c3": 66.0042495727539,
      "c2_vs_c4": 70.9873275756836,
      "c3_vs_c4": 67.40672302246094
    }
  },
  "d14_33332": {
    "label": "d=14_33332",
    "pattern": [
      3,
      3,
      3,
      3,
      2
    ],
    "n": 469,
    "n_chunks": 5,
    "periods": {
      "1": 1000,
      "2": 1000,
      "3": 1000,
      "4": 1000,
      "5": 100
    },
    "per_chunk_R2": {
      "1": 0.9529244596729136,
      "2": 0.8884607803943524,
      "3": 0.8813595403999098,
      "4": 0.862089021906727,
      "5": 0.9673653896869496
    },
    "subspace_angles": {
      "c1_vs_c2": 65.30420684814453,
      "c1_vs_c3": 67.34486389160156,
      "c1_vs_c4": 67.99549102783203,
      "c1_vs_c5": 76.60265350341797,
      "c2_vs_c3": 60.20408630371094,
      "c2_vs_c4": 60.86763000488281,
      "c2_vs_c5": 72.27875518798828,
      "c3_vs_c4": 58.837486267089844,
      "c3_vs_c5": 72.72306060791016,
      "c4_vs_c5": 69.94074249267578
    }
  },
  "predictions": {
    "P1_c4_c5_more_crowded_than_d12_worst": {
      "predicted_below": 66.0042495727539,
      "observed": 69.94074249267578,
      "pass": false
    },
    "P2_c3_c4_worse_in_d14": {
      "d12": 67.40672302246094,
      "d14": 58.837486267089844,
      "delta": -8.569236755371094,
      "pass": true
    },
    "P3_per_chunk_R2_drop_in_d14": {
      "mean_drop": -0.03577114597335676,
      "per_chunk_delta": {
        "1": -0.005261467722981306,
        "2": -0.03814754440855672,
        "3": -0.044505660425192106,
        "4": -0.05516991133669691
      },
      "pass": true
    }
  },
  "n_predictions_passed": 2,
  "verdict": "CDMA-CROWDING-CONFIRMED \u2014 longer answers DO crowd adjacent chunks more, supporting the capacity-saturation reading of the d>14 breakdown.",
  "wall_s": 1.7
}
