{
  "experiment": "eg_e2h_crowding_anymodel",
  "tag": "llama31_8b",
  "op": "sub",
  "layer": 31,
  "model_n_layers": 32,
  "model_d_model": 4096,
  "correct_only": true,
  "patterns": {
    "d8_332": {
      "pattern": [
        3,
        3,
        2
      ],
      "n_chunks": 3,
      "n": 940,
      "per_chunk_R2": {
        "1": 0.9666379171808348,
        "2": 0.8972874975709917,
        "3": 0.9838923654576093
      },
      "subspace_angles": {
        "c1_vs_c2": 73.14550532234134,
        "c1_vs_c3": 77.80757573791183,
        "c2_vs_c3": 77.89211964345283
      },
      "adjacent_pairs": [
        "c1_vs_c2",
        "c2_vs_c3"
      ],
      "adjacent_min_angle": 73.14550532234134,
      "adjacent_mean_angle": 75.51881248289709,
      "random_baseline_mean": 84.59741896226356,
      "random_baseline_std": 0.4095480310013821
    },
    "d12_3333": {
      "pattern": [
        3,
        3,
        3,
        3
      ],
      "n_chunks": 4,
      "n": 875,
      "per_chunk_R2": {
        "1": 0.9581859273958949,
        "2": 0.9266083248029091,
        "3": 0.9258652008251019,
        "4": 0.9172589332434239
      },
      "subspace_angles": {
        "c1_vs_c2": 71.3276545002079,
        "c1_vs_c3": 72.50236699521254,
        "c1_vs_c4": 74.93543860279314,
        "c2_vs_c3": 66.00054523744053,
        "c2_vs_c4": 70.98249221685982,
        "c3_vs_c4": 67.40688507229774
      },
      "adjacent_pairs": [
        "c1_vs_c2",
        "c2_vs_c3",
        "c3_vs_c4"
      ],
      "adjacent_min_angle": 66.00054523744053,
      "adjacent_mean_angle": 68.24502826998206,
      "random_baseline_mean": 84.14313713795636,
      "random_baseline_std": 0.3406184659055547
    },
    "d10_3331": {
      "pattern": [
        3,
        3,
        3,
        1
      ],
      "n_chunks": 4,
      "n": 757,
      "per_chunk_R2": {
        "1": 0.9643531183584677,
        "2": 0.9061261360397044,
        "3": 0.9236463431828387,
        "4": 0.9940020325487199
      },
      "subspace_angles": {
        "c1_vs_c2": 70.56725026277961,
        "c1_vs_c3": 71.03405703232382,
        "c1_vs_c4": 83.06124602884327,
        "c2_vs_c3": 65.15354180744696,
        "c2_vs_c4": 83.36958722705673,
        "c3_vs_c4": 84.6610736185781
      },
      "adjacent_pairs": [
        "c1_vs_c2",
        "c2_vs_c3",
        "c3_vs_c4"
      ],
      "adjacent_min_angle": 65.15354180744696,
      "adjacent_mean_angle": 73.46062189626822,
      "random_baseline_mean": 84.32088611045671,
      "random_baseline_std": 0.4165701317156408
    },
    "d14_33332": {
      "pattern": [
        3,
        3,
        3,
        3,
        2
      ],
      "n_chunks": 5,
      "n": 469,
      "per_chunk_R2": {
        "1": 0.9529244596729136,
        "2": 0.8884607803943524,
        "3": 0.8813595403999098,
        "4": 0.862089021906727,
        "5": 0.9673653896869496
      },
      "subspace_angles": {
        "c1_vs_c2": 65.31910109713718,
        "c1_vs_c3": 67.38010897738228,
        "c1_vs_c4": 67.99457747000123,
        "c1_vs_c5": 76.62133488994108,
        "c2_vs_c3": 60.19182748397176,
        "c2_vs_c4": 60.85760093523107,
        "c2_vs_c5": 72.25410783074067,
        "c3_vs_c4": 58.79575857928112,
        "c3_vs_c5": 72.72378591346747,
        "c4_vs_c5": 69.87330681661393
      },
      "adjacent_pairs": [
        "c1_vs_c2",
        "c2_vs_c3",
        "c3_vs_c4",
        "c4_vs_c5"
      ],
      "adjacent_min_angle": 58.79575857928112,
      "adjacent_mean_angle": 63.544998494251,
      "random_baseline_mean": 84.16180449333915,
      "random_baseline_std": 0.2866046075150293
    }
  },
  "wall_s": 2.6
}
