{
  "experiment": "eg_e2e_crowding_vs_chunks",
  "op": "sub",
  "target_layer": 31,
  "patterns": {
    "d12_3333": {
      "label": "d12_3333",
      "pattern": [
        3,
        3,
        3,
        3
      ],
      "periods": {
        "1": 1000,
        "2": 1000,
        "3": 1000,
        "4": 1000
      },
      "n": 1442,
      "n_correct": 875,
      "per_chunk_R2": {
        "1": 0.9169005079595521,
        "2": 0.7858227338034507,
        "3": 0.852788888537793,
        "4": 0.8998647963932658
      },
      "subspace_angles": {
        "c1_vs_c2": 79.25790405273438,
        "c1_vs_c3": 79.95204162597656,
        "c1_vs_c4": 80.08293151855469,
        "c2_vs_c3": 78.44892883300781,
        "c2_vs_c4": 77.34652709960938,
        "c3_vs_c4": 77.43519592285156
      }
    },
    "d14_33332": {
      "label": "d14_33332",
      "pattern": [
        3,
        3,
        3,
        3,
        2
      ],
      "periods": {
        "1": 1000,
        "2": 1000,
        "3": 1000,
        "4": 1000,
        "5": 100
      },
      "n": 1472,
      "n_correct": 469,
      "per_chunk_R2": {
        "1": 0.9460195912845263,
        "2": 0.7411813785233707,
        "3": 0.7376779979982052,
        "4": 0.7755576055672102,
        "5": 0.9747353742245422
      },
      "subspace_angles": {
        "c1_vs_c2": 81.15476989746094,
        "c1_vs_c3": 82.19117736816406,
        "c1_vs_c4": 81.38394165039062,
        "c1_vs_c5": 82.45225524902344,
        "c2_vs_c3": 80.58350372314453,
        "c2_vs_c4": 81.01457214355469,
        "c2_vs_c5": 83.79129791259766,
        "c3_vs_c4": 80.57418060302734,
        "c3_vs_c5": 82.4765625,
        "c4_vs_c5": 82.54505157470703
      }
    },
    "d16_333331": {
      "label": "d16_333331",
      "pattern": [
        3,
        3,
        3,
        3,
        3,
        1
      ],
      "periods": {
        "1": 1000,
        "2": 1000,
        "3": 1000,
        "4": 1000,
        "5": 1000,
        "6": 10
      },
      "n": 917,
      "n_correct": 205,
      "per_chunk_R2": {
        "1": 0.9334252510715102,
        "2": 0.7749420336196944,
        "3": 0.7971213912492974,
        "4": 0.8309360497050537,
        "5": 0.8844124639412512,
        "6": 0.8936832428274011
      },
      "subspace_angles": {
        "c1_vs_c2": 76.23970794677734,
        "c1_vs_c3": 76.87194061279297,
        "c1_vs_c4": 77.47425842285156,
        "c1_vs_c5": 77.00384521484375,
        "c1_vs_c6": 84.67221069335938,
        "c2_vs_c3": 75.40120697021484,
        "c2_vs_c4": 77.4568099975586,
        "c2_vs_c5": 75.28694152832031,
        "c2_vs_c6": 84.28868865966797,
        "c3_vs_c4": 73.08672332763672,
        "c3_vs_c5": 74.19205474853516,
        "c3_vs_c6": 84.820556640625,
        "c4_vs_c5": 72.4810791015625,
        "c4_vs_c6": 84.97918701171875,
        "c5_vs_c6": 84.7469482421875
      }
    },
    "d18_333333": {
      "label": "d18_333333",
      "pattern": [
        3,
        3,
        3,
        3,
        3,
        3
      ],
      "periods": {
        "1": 1000,
        "2": 1000,
        "3": 1000,
        "4": 1000,
        "5": 1000,
        "6": 1000
      },
      "n": 987,
      "n_correct": 241,
      "per_chunk_R2": {
        "1": 0.8181049972676584,
        "2": 0.7605654334175784,
        "3": 0.8335464498988389,
        "4": 0.847434149748719,
        "5": 0.8998410600189638,
        "6": 0.745444365127567
      },
      "subspace_angles": {
        "c1_vs_c2": 79.78938293457031,
        "c1_vs_c3": 79.86087036132812,
        "c1_vs_c4": 79.87858581542969,
        "c1_vs_c5": 79.87029266357422,
        "c1_vs_c6": 82.18688201904297,
        "c2_vs_c3": 75.4790267944336,
        "c2_vs_c4": 76.01715087890625,
        "c2_vs_c5": 75.84203338623047,
        "c2_vs_c6": 78.25521850585938,
        "c3_vs_c4": 75.11304473876953,
        "c3_vs_c5": 73.03440856933594,
        "c3_vs_c6": 77.66618347167969,
        "c4_vs_c5": 70.68379211425781,
        "c4_vs_c6": 76.70964050292969,
        "c5_vs_c6": 75.63931274414062
      }
    },
    "d20_3333332": {
      "label": "d20_3333332",
      "pattern": [
        3,
        3,
        3,
        3,
        3,
        3,
        2
      ],
      "periods": {
        "1": 1000,
        "2": 1000,
        "3": 1000,
        "4": 1000,
        "5": 1000,
        "6": 1000,
        "7": 100
      },
      "n": 988,
      "n_correct": 135,
      "per_chunk_R2": {
        "1": 0.9286049599474697,
        "2": 0.7904158783686016,
        "3": 0.7753699650934994,
        "4": 0.8470229725142048,
        "5": 0.875903028223575,
        "6": 0.7592491981171854,
        "7": 0.9633283943684094
      },
      "subspace_angles": {
        "c1_vs_c2": 75.68360900878906,
        "c1_vs_c3": 78.50886535644531,
        "c1_vs_c4": 78.8717041015625,
        "c1_vs_c5": 78.77798461914062,
        "c1_vs_c6": 80.09939575195312,
        "c1_vs_c7": 81.4307632446289,
        "c2_vs_c3": 76.89293670654297,
        "c2_vs_c4": 76.15778350830078,
        "c2_vs_c5": 75.16890716552734,
        "c2_vs_c6": 79.21100616455078,
        "c2_vs_c7": 81.85928344726562,
        "c3_vs_c4": 76.34593200683594,
        "c3_vs_c5": 75.8399658203125,
        "c3_vs_c6": 78.40692138671875,
        "c3_vs_c7": 79.30714416503906,
        "c4_vs_c5": 73.61363983154297,
        "c4_vs_c6": 77.51792907714844,
        "c4_vs_c7": 77.63497924804688,
        "c5_vs_c6": 75.92035675048828,
        "c5_vs_c7": 78.23236846923828,
        "c6_vs_c7": 81.62071228027344
      }
    }
  },
  "c3_c4_trend": [
    [
      "d12_3333",
      4,
      77.43519592285156,
      1442
    ],
    [
      "d14_33332",
      5,
      80.57418060302734,
      1472
    ],
    [
      "d16_333331",
      6,
      73.08672332763672,
      917
    ],
    [
      "d18_333333",
      6,
      75.11304473876953,
      987
    ],
    [
      "d20_3333332",
      7,
      76.34593200683594,
      988
    ]
  ],
  "trend_verdict": "NON-MONOTONE \u2014 c3\u2194c4 trajectory: 77.4\u00b0 \u2192 80.6\u00b0 \u2192 73.1\u00b0 \u2192 75.1\u00b0 \u2192 76.3\u00b0. The crowding signal is not strictly monotone.",
  "wall_s": 2.4
}
